prompt,response
"The query at hand is: ""How might vows or promises play a role in achieving a greater level of joy in your life?"". The cosmos presents this card: Ten of Cups (upright). Deliver the full, narrative tarot reading based on the card and question.","Greetings. I have drawn the card to illuminate your question about ""How might vows or promises play a role in achieving a greater level of joy in your life?"". The divine energies present:

The card drawn is the Ten of Cups (upright).

Visually, this card is known for: a couple and their children rejoicing beneath a rainbow of ten cups--symbolizing happiness and family harmony.

The core message for your query is: 'Experiencing transcendent joy'.

The cosmos confirms your reading with a final message: Expect a friendship to blossom into a romance. During your journey, I advise you to repeat this sacred affirmation: 'I take time to appreciate what I've been given.' Go forth, for the power to choose is always your own."
"The user has posed the question: ""If I made my decision based solely on practical concerns, what would my decision be?"". The card drawn for this reading is: Ace of Pentacles (reversed). Offer a mystical interpretation of the card as it relates to the user's question.","Greetings. I have drawn the card to illuminate your question about ""If I made my decision based solely on practical concerns, what would my decision be?"". The divine energies present:

The card drawn is the Ace of Pentacles (reversed).

Visually, this card is known for: a hand emerging from a cloud holding a golden coin over lush gardens--symbolizing material opportunity.

The core message for your query is: 'Taking what you want without concern for the needs of others'.

The oracle's final insight on your question: The check you're looking for really is in the mail. During your journey, I advise you to repeat this sacred affirmation: 'I am open to and thankful for my blessings.' May the wisdom of the Arcana illuminate your next steps on your journey."
"The query at hand is: ""What isn't being said or revealed?"". The oracle reveals: The High Priestess (reversed). Offer a mystical interpretation of the card as it relates to the user's question.","Greetings. I have drawn the card to illuminate your question about ""What isn't being said or revealed?"". The divine energies present:

The card drawn is the The High Priestess (reversed).

The scene on this card shows: a serene woman sitting between two pillars (B and J), a veil of pomegranates hanging behind her, holding a Torah scroll--symbol of intuition and hidden knowledge. The spiritual energy of the feminine aspect of divinity is typically linked to this card.

The core message for your query is: 'Being aloof'.

The oracle's final insight on your question: A mysterious woman arrives.  May the wisdom of the Arcana illuminate your next steps on your journey."
"The user needs clarity on their path regarding: ""What needs more control?"". The card drawn for this reading is: The Emperor (upright). Deliver the full, narrative tarot reading based on the card and question.","Greetings. I have drawn the card to illuminate your question about ""What needs more control?"". The divine energies present:

The card drawn is the The Emperor (upright).

This card is typically represented by: a stern, bearded man in armor sitting on a stone throne adorned with ramsÕ heads, holding an orb and scepter--signifying authority and structure. This card vibrates with the divine numerology of the value 4 (stability, equality, persistence). The spiritual energy of masculine gods, including the Hebrew God, the Christian God, Allah, and Zeus is typically linked to this card.

The core message for your query is: 'Being in control of yourself and others'.

The oracle's final insight on your question: A new employer or authority figure will give you orders.  May the wisdom of the Arcana illuminate your next steps on your journey."
"The user is seeking guidance on: ""When do you feel most threatened? When do you get defensive?"". The card drawn for this reading is: Seven of Wands (upright). Provide a detailed tarot reading in response to the user's query.","Hark! I, the all-seeing mystic, observe the flow of destiny concerning your query on ""When do you feel most threatened? When do you get defensive?"". The veil thins to reveal:

The card drawn is the Seven of Wands (upright).

The traditional imagery of this card depicts: a man standing on a hilltop defending himself with a wand against six others--symbolizing perseverance and courage.

The core message for your query is: 'Continuing a fight against all odds'.

The oracle's final insight on your question: Prepare to defend yourself or someone you love. During your journey, I advise you to repeat this sacred affirmation: 'I am willing to take a stand for what I believe in.' May the wisdom of the Arcana illuminate your next steps on your journey."
"The query at hand is: ""When is greediness or stinginess a good trait to have? When might generosity work against you?"". The card drawn for this reading is: Four of Pentacles (reversed). Offer a mystical interpretation of the card as it relates to the user's question.","Greetings. I have drawn the card to illuminate your question about ""When is greediness or stinginess a good trait to have? When might generosity work against you?"". The divine energies present:

The card drawn is the Four of Pentacles (reversed).

This card is typically represented by: a man clutching a coin to his chest, two beneath his feet, one on his crown--symbolizing control and security.

The core message for your query is: 'Refusing to spend money that needs to be spent'.

The cosmos confirms your reading with a final message: A rainy day is comingâit's time to save. During your journey, I advise you to repeat this sacred affirmation: 'I use my resources wisely.' Go forth, for the power to choose is always your own."
"The user is seeking guidance on: ""What are the terms of success?"". The cosmos presents this card: Seven of Pentacles (reversed). Deliver the full, narrative tarot reading based on the card and question.","Hello. Your request for guidance on ""What are the terms of success?"" has been received. The cosmic message is:

The card drawn is the Seven of Pentacles (reversed).

The core message for your query is: 'Beating yourself up over lost opportunities'.

The cosmos confirms your reading with a final message: Things won't work out as expected. During your journey, I advise you to repeat this sacred affirmation: 'To stay on target, I measure my progress.' Go forth, for the power to choose is always your own."
"The query at hand is: ""If you could not have what you want, how would you make do?"". The oracle reveals: Nine of Pentacles (upright). Deliver the full, narrative tarot reading based on the card and question.","Hark! I, the all-seeing mystic, observe the flow of destiny concerning your query on ""If you could not have what you want, how would you make do?"". The veil thins to reveal:

The card drawn is the Nine of Pentacles (upright).

The scene on this card shows: a refined woman standing in a vineyard with a falcon and coins around her--symbolizing self-sufficiency and luxury.

The core message for your query is: 'Breaking a complex task down into simple steps'.

The oracle's final insight on your question: Until you appreciate what you have, you won't have any luck getting more. During your journey, I advise you to repeat this sacred affirmation: 'I know enough to be confident in my decisions.' May the wisdom of the Arcana illuminate your next steps on your journey."
"The user needs clarity on their path regarding: ""Could you make a complex task easier by breaking it down into smaller steps?"". The oracle reveals: Nine of Pentacles (upright). Offer a mystical interpretation of the card as it relates to the user's question.","Hark! I, the all-seeing mystic, observe the flow of destiny concerning your query on ""Could you make a complex task easier by breaking it down into smaller steps?"". The veil thins to reveal:

The card drawn is the Nine of Pentacles (upright).

The core message for your query is: 'Wanting what you have'.

The oracle's final insight on your question: Until you appreciate what you have, you won't have any luck getting more. During your journey, I advise you to repeat this sacred affirmation: 'I know enough to be confident in my decisions.' May the wisdom of the Arcana illuminate your next steps on your journey."
"The user needs clarity on their path regarding: ""How would things change if I became a more charitable person?"". The oracle reveals: Six of Cups (reversed). Provide a detailed tarot reading in response to the user's query.","Hark! I, the all-seeing mystic, observe the flow of destiny concerning your query on ""How would things change if I became a more charitable person?"". The veil thins to reveal:

The card drawn is the Six of Cups (reversed).

The traditional imagery of this card depicts: a child giving another child a cup filled with flowers in a village courtyard--symbolizing nostalgia and innocence.

The core message for your query is: 'Bragging about your charitable efforts'.

The oracle's final insight on your question: Loosen up and think of others for once, why don't you?. During your journey, I advise you to repeat this sacred affirmation: 'I freely give myself to others, expecting nothing in return.' May the wisdom of the Arcana illuminate your next steps on your journey."
